Link,Text
https://www.medicinenet.com/,
https://www.medicinenet.com/diseases_and_conditions/article.htm,
https://www.medicinenet.com/diseases_and_conditions/article.htm,
https://www.medicinenet.com/procedures_and_tests/article.htm,
https://www.medicinenet.com/medications/article.htm,
https://www.medicinenet.com/medications/article.htm,
https://www.medicinenet.com/health_and_living/focus.htm,
https://www.medicinenet.com/diet_and_weight_management/article.htm,
https://www.medicinenet.com/exercise_and_fitness/article.htm,
https://www.medicinenet.com/nutrition_and_healthy_living/article.htm,
https://www.medicinenet.com/prevention_and_wellness/article.htm,
https://www.medicinenet.com/slideshows/article.htm,
https://www.medicinenet.com/quizzes_a-z_list/article.htm,
https://www.medicinenet.com/image_collection/article.htm,
https://www.medicinenet.com/script/main/art.asp?articlekey=12507,
https://www.medicinenet.com/script/main/art.asp?articlekey=12510,
https://data.webmd.com/sdclive/SdcForm.aspx?FormId=MedNetContact,
https://www.medicinenet.com/script/main/art.asp?articlekey=12596,
https://www.medicinenet.com/script/main/art.asp?articlekey=10493,
https://www.medicinenet.com/health_and_living/focus.htm,health & living health center
https://www.medicinenet.com/exercise_and_fitness/article.htm,exercise & fitness a-z list
https://www.medicinenet.com/script/main/art.asp?articlekey=41529,"Melissa Conrad Stöppler, MD"
https://www.medicinenet.com/script/main/art.asp?articlekey=238670,"Karthik Kumar, MBBS"
https://www.medicinenet.com/script/main/art.asp?articlekey=81326,"John P. Cunha, DO, FACOEP"
https://www.medicinenet.com/muscle_cramps/article.htm#what_are_muscle_cramps,Introduction
https://www.medicinenet.com/muscle_cramps/article.htm#what_are_muscle_cramps,
https://www.medicinenet.com/muscle_cramps/article.htm#what_are_the_types_of_muscle_cramps_what_causes_cramps,Types/Causes
https://www.medicinenet.com/muscle_cramps/article.htm#what_are_the_types_of_muscle_cramps_what_causes_cramps,
https://www.medicinenet.com/muscle_cramps/article.htm#do_all_muscle_cramps_fit_into_the_above_categories,Other Cramps
https://www.medicinenet.com/muscle_cramps/article.htm#do_all_muscle_cramps_fit_into_the_above_categories,
https://www.medicinenet.com/muscle_cramps/article.htm#can_medications_cause_muscle_cramps,Medication Causes
https://www.medicinenet.com/muscle_cramps/article.htm#can_medications_cause_muscle_cramps,
https://www.medicinenet.com/muscle_cramps/article.htm#can_vitamin_deficiencies_cause_muscle_cramps,Vitamin Deficiencies
https://www.medicinenet.com/muscle_cramps/article.htm#can_vitamin_deficiencies_cause_muscle_cramps,
https://www.medicinenet.com/muscle_cramps/article.htm#can_poor_circulation_cause_muscle_cramps,Poor Circulation
https://www.medicinenet.com/muscle_cramps/article.htm#can_poor_circulation_cause_muscle_cramps,
https://www.medicinenet.com/muscle_cramps/article.htm#what_are_the_symptoms_of_common_muscle_cramps,Symptoms
https://www.medicinenet.com/muscle_cramps/article.htm#what_are_the_symptoms_of_common_muscle_cramps,
https://www.medicinenet.com/muscle_cramps/article.htm#what_types_of_doctors_treat_muscle_cramps,Doctors Who Treat
https://www.medicinenet.com/muscle_cramps/article.htm#what_types_of_doctors_treat_muscle_cramps,
https://www.medicinenet.com/muscle_cramps/article.htm#how_are_muscle_cramps_diagnosed,Diagnosis
https://www.medicinenet.com/muscle_cramps/article.htm#how_are_muscle_cramps_diagnosed,
https://www.medicinenet.com/muscle_cramps/article.htm#what_are_the_treatments_and_home_remedies_for_skeletal_muscle_cramps,Treatment/Home Remedies
https://www.medicinenet.com/muscle_cramps/article.htm#what_are_the_treatments_and_home_remedies_for_skeletal_muscle_cramps,
https://www.medicinenet.com/muscle_cramps/article.htm#medical_treatment_for_muscle_cramps,Medical Treatment
https://www.medicinenet.com/muscle_cramps/article.htm#medical_treatment_for_muscle_cramps,
https://www.medicinenet.com/muscle_cramps/article.htm#is_it_possible_to_prevent_muscle_cramps_during_the_activity,Prevention
https://www.medicinenet.com/muscle_cramps/article.htm#is_it_possible_to_prevent_muscle_cramps_during_the_activity,
https://www.medicinenet.com/muscle_cramps/article.htm#how_much_should_i_drink_to_prevent_muscle_cramps,Hydration
https://www.medicinenet.com/muscle_cramps/article.htm#how_much_should_i_drink_to_prevent_muscle_cramps,
https://www.medicinenet.com/muscle_cramps/article.htm#is_it_possible_to_prevent_muscle_cramps_during_pregnancy,Prevention During Pregnancy
https://www.medicinenet.com/muscle_cramps/article.htm#is_it_possible_to_prevent_muscle_cramps_during_pregnancy,
https://www.medicinenet.com/muscle_cramps/article.htm#what_is_the_prognosis_of_recurrent_muscle_cramps,Prognosis
https://www.medicinenet.com/muscle_cramps/article.htm#what_is_the_prognosis_of_recurrent_muscle_cramps,
https://www.medicinenet.com/muscle_cramps/article.htm#is_it_possible_to_prevent_rest_cramps,Prevention Rest Cramps
https://www.medicinenet.com/muscle_cramps/article.htm#is_it_possible_to_prevent_rest_cramps,
https://www.medicinenet.com/muscle_cramps/article.htm#how_can_older_adults_prevent_muscle_cramps,Adult Prevention
https://www.medicinenet.com/muscle_cramps/article.htm#how_can_older_adults_prevent_muscle_cramps,
https://www.medicinenet.com/muscle_cramps/article.htm#are_there_medications_to_prevent_muscle_cramps,Medication Prevention
https://www.medicinenet.com/muscle_cramps/article.htm#are_there_medications_to_prevent_muscle_cramps,
https://www.medicinenet.com/muscle_cramps/article.htm#frequently_asked_questions,FAQs
https://www.medicinenet.com/muscle_cramps/article.htm#frequently_asked_questions,
https://www.medicinenet.com/muscle_cramps_and_muscle_spasms_pictures_slideshow/article.htm,
https://www.medicinenet.com/cramps_but_no_period/article.htm,cramps
https://www.medicinenet.com/senior_health/article.htm,aging
https://www.medicinenet.com/feet_facts_quiz/quiz.htm,
https://www.medicinenet.com/paroxysmal_nocturnal_hemoglobinuria_pnh/article.htm,nocturnal
https://www.medicinenet.com/muscle_spasms/article.htm,muscle spasms
https://www.medicinenet.com/broken_bone_types_of_bone_fractures/article.htm,broken bone
https://www.medicinenet.com/fatigue/article.htm,fatigue
https://www.medicinenet.com/causes_of_fatigue_pictures_slideshow/article.htm,
https://www.medicinenet.com/dehydration/article.htm,Dehydration
https://www.medicinenet.com/sweating_perspiration_quiz/quiz.htm,
https://www.medicinenet.com/dehydration_pictures_slideshow/article.htm,
https://www.medicinenet.com/heat_stroke/article.htm,heatstroke
https://www.medicinenet.com/cirrhosis/article.htm,cirrhosis
https://www.medicinenet.com/liver_anatomy_and_function/article.htm,liver
https://www.medicinenet.com/cavities/article.htm,cavity
https://www.medicinenet.com/ascites/article.htm,ascites
https://www.medicinenet.com/dialysis/article.htm,dialysis
https://www.medicinenet.com/kidney_failure/article.htm,kidney failure
https://www.medicinenet.com/pregnancy_planning_preparing_for_pregnancy/article.htm,pregnancy
https://www.medicinenet.com/vitamins_minerals_and_nutritional_supplements/article.htm,minerals
https://www.medicinenet.com/diet_plans_and_programs/article.htm,diet
https://www.medicinenet.com/nausea_and_vomiting/article.htm,vomiting
https://www.medicinenet.com/diet_and_nutrition_quiz/quiz.htm,
https://www.medicinenet.com/vitamin_d_deficiency/article.htm,vitamin D deficiency
https://www.medicinenet.com/low_potassium_hypokalemia/article.htm,Low potassium
https://www.medicinenet.com/sleep/article.htm,sleep
https://www.medicinenet.com/tetanus/article.htm,tetanus
https://www.medicinenet.com/pain_management/article.htm,pain
https://www.medicinenet.com/radiculopathy/article.htm,Radiculopathy
https://www.medicinenet.com/low_back_pain_pictures_slideshow/article.htm,
https://www.medicinenet.com/pain_quiz/quiz.htm,
https://www.medicinenet.com/diabetic_neuropathy/article.htm,diabetic neuropathy
https://www.medicinenet.com/exercise_and_fitness_quiz/quiz.htm,"QUESTION
Muscle weighs more than fat.
See Answer"
https://www.medicinenet.com/furosemide/article.htm,furosemide
https://www.medicinenet.com/furosemide/article.htm,Lasix
https://www.medicinenet.com/donepezil/article.htm,donepezil
https://www.medicinenet.com/donepezil/article.htm,Aricept
https://www.medicinenet.com/alzheimers_disease_causes_stages_and_symptoms/article.htm,Alzheimer's
https://www.medicinenet.com/raloxifene/article.htm,raloxifene
https://www.medicinenet.com/raloxifene/article.htm,Evista
https://www.medicinenet.com/osteoporosis/article.htm,osteoporosis
https://www.medicinenet.com/menopause/article.htm,postmenopausal
https://www.medicinenet.com/tolcapone-oral/article.htm,Tolcapone
https://www.medicinenet.com/tolcapone-oral/article.htm,Tasmar
https://www.medicinenet.com/nifedipine/article.htm,nifedipine
https://www.medicinenet.com/nifedipine/article.htm,Procardia
https://www.medicinenet.com/angina_symptoms/article.htm,angina
https://www.medicinenet.com/high_blood_pressure_hypertension/article.htm,high blood pressure
https://www.medicinenet.com/asthma_overview/article.htm,asthma
https://www.medicinenet.com/drugs_what_you_should_know_about_your_drugs/article.htm,drugs
https://www.medicinenet.com/terbutaline/article.htm,terbutaline
https://www.medicinenet.com/albuterol/article.htm,albuterol
https://www.medicinenet.com/cholesterol_management/article.htm,cholesterol
https://www.medicinenet.com/lovastatin/article.htm,lovastatin
https://www.medicinenet.com/lovastatin/article.htm,Mevacor
https://www.medicinenet.com/haloperidol/article.htm,haloperidol
https://www.medicinenet.com/haloperidol/article.htm,Haldol
https://www.medicinenet.com/estrogens-oral/article.htm,Conjugated estrogens
https://www.medicinenet.com/alcohol_metabolism/article.htm,alcohol
https://www.medicinenet.com/barbiturates-oral/article.htm,barbiturates
https://www.medicinenet.com/hypnotics_drug_class_side_effects/article.htm,sedatives
https://www.medicinenet.com/anxiety/article.htm,anxiety
https://www.medicinenet.com/benzodiazepines_sleep-inducing-oral/article.htm,benzodiazepines
https://www.medicinenet.com/diazepam/article.htm,diazepam
https://www.medicinenet.com/diazepam/article.htm,Valium
https://www.medicinenet.com/alprazolam/article.htm,alprazolam
https://www.medicinenet.com/alprazolam/article.htm,Xanax
https://www.medicinenet.com/thiamine-oral/article.htm,thiamine
https://www.medicinenet.com/pyridoxine-oral/article.htm,Pyridoxine
https://www.medicinenet.com/vitamins_and_calcium_supplements/article.htm,vitamins
https://www.medicinenet.com/claudication/article.htm,claudication
https://www.medicinenet.com/heart_disease_pictures_slideshow_visual_guide/article.htm,
https://www.medicinenet.com/walking/article.htm,walking
https://www.medicinenet.com/exercise/article.htm,exercise
https://www.medicinenet.com/high_doses_of_adhd_meds_could_trigger_psychosis/news.htm,High Doses of ADHD Meds Could Trigger Psychosis
https://www.medicinenet.com/in_every_state_at_least_1_in_5_people_is_now_obese/news.htm,"In Every U.S. State, at Least 1 in 5 People Is Now Obese"
https://www.medicinenet.com/ingredient_in_hair_dye_led_to_womans_vision_loss/news.htm,Ingredient in Hair Dye Led to Woman's Vision Loss
https://www.medicinenet.com/5_million_americans_benefit_psilocybin_depression/news.htm,Over 5 Million Americans Could Benefit If Psilocybin Approved for Depression
https://www.medicinenet.com/source_of_missouri_bird_flu_case_still_unknown/news.htm,"Source of Missouri Bird Flu Case Still Unknown, Could Be a 'One-Off'"
https://www.medicinenet.com/current_health_news/article.htm,More Health News »
https://www.medicinenet.com/first_aid/article.htm,emergency medicine
https://www.medicinenet.com/heat_exhaustion/article.htm,heat exhaustion
https://www.medicinenet.com/electrolytes/article.htm,electrolyte
https://www.medicinenet.com/electrolytes/article.htm,electrolytes
https://www.medicinenet.com/cyclobenzaprine/article.htm,cyclobenzaprine
https://www.medicinenet.com/cyclobenzaprine/article.htm,Flexeril
https://www.medicinenet.com/orphenadrine-oral/article.htm,orphenadrine
https://www.medicinenet.com/orphenadrine-oral/article.htm,Norflex
https://www.medicinenet.com/baclofen/article.htm,baclofen
https://www.medicinenet.com/baclofen/article.htm,Lioresal
https://www.medicinenet.com/botulism/article.htm,botulism
https://www.medicinenet.com/botulinum_toxin_type_a/article.htm,Botox
https://www.medicinenet.com/nutrition/article.htm,nutrition
https://www.medicinenet.com/diarrhea/article.htm,diarrhea
https://www.medicinenet.com/script/main/art.asp?articlekey=12507,Privacy Policy
https://www.medicinenet.com/exercise_and_fitness_quiz/quiz.htm,
https://www.medicinenet.com/weight_loss/article.htm,weight loss
https://www.medicinenet.com/drinks_and_beverages_quiz/quiz.htm,
https://www.medicinenet.com/lose_weight_without_dieting_pictures_slideshow/article.htm,
https://www.medicinenet.com/hyponatremia/article.htm,hyponatremia
https://www.webmd.com/mental-health/addiction/painkillers-and-addiction-narcotic-abuse,Painkillers and Opioid Use Disorder
https://www.webmd.com/pain-management/ss/slideshow-common-aches-pains,Pain Relief From Head to Toe
https://www.webmd.com/skin-problems-and-treatments/psoriasis/psa-22/psa-make-treatment-work,What Are the Best PsA Treatments for You?
https://www.webmd.com/rheumatoid-arthritis/video/ra-biologic-drugs,Understanding Biologics
https://blogs.webmd.com/depression/20220131/what-i-wish-people-knew-about-depression,10 Things People With Depression Wish You Knew
https://www.medicinenet.com/sleep_quiz/quiz.htm,
https://www.medicinenet.com/prevention/article.htm,prevention
https://www.medicinenet.com/osteoporosis_pictures_slideshow/article.htm,
https://www.medicinenet.com/diarrhea_digestive_problem_food_pictures_slideshow/article.htm,
https://www.medicinenet.com/vitamin_e-oral/article.htm,Vitamin E
https://www.medicinenet.com/vitamin_d-oral/article.htm,vitamin D
https://www.medicinenet.com/nutritional_health_vitamin_d_pictures_slideshow/article.htm,
https://www.medicinenet.com/vitamin_d_quiz/quiz.htm,
https://www.medicinenet.com/hydrochlorothiazide/article.htm,hydrochlorothiazide
https://www.medicinenet.com/hydrochlorothiazide/article.htm,HydroDIURIL
https://www.medicinenet.com/high_blood_pressure_hypertension/article.htm,hypertension
https://www.medicinenet.com/heart_how_the_heart_works/article.htm,heart
https://www.medicinenet.com/osteoporosis_quiz/quiz.htm,
https://www.medicinenet.com/drinks_and_beverages_quiz/quiz.htm,
https://www.medicinenet.com/caffeine/article.htm,caffeine
https://www.medicinenet.com/malaria_facts/article.htm,malaria
https://www.medicinenet.com/nausea_and_vomiting/article.htm,nausea
https://www.medicinenet.com/headache/article.htm,headaches
https://www.medicinenet.com/pinched_nerve_overview/article.htm,nerve compression
https://www.medicinenet.com/over-the-counter_products/article.htm,over-the-counter
https://www.medicinenet.com/analgesics_antipyretics/article.htm,pain reliever
https://www.medicinenet.com/ibuprofen/article.htm,ibuprofen
https://www.medicinenet.com/acetaminophen/article.htm,acetaminophen
https://www.medicinenet.com/vitamins_and_supplements_quiz/quiz.htm,
https://www.webmd.com/pain-management/muscle-spasms-cramps-charley-horse%3E.,
https://www.webmd.com/sleep-disorders/leg-cramps,
https://www.webmd.com/fitness-exercise/remedies-for-muscle-cramps,
https://www.betterhealth.vic.gov.au/health/conditionsandtreatments/muscle-cramp,
https://www.webmd.com/pain-management/ss/slideshow-muscle-cramps-foods,
https://www.webmd.com/pain-management/ss/slideshow-reasons-cramping,
https://www.medicinenet.com/baclofen_pump_therapy/article.htm,"Baclofen Pump
The medication baclofen treats symptoms of spasticity in patient with MS. Side effects of baclofen include sleepiness, dizziness, nausea, headache, and confusion."
https://www.medicinenet.com/coping_with_fibromyalgia_pictures_slideshow/article.htm,"Fibromyalgia Treatments and Tips to Ease Pain
What is fibromyalgia? Learn about fibromyalgia symptoms such as trigger points (also called tender points), learn what causes fibromyalgia, and get treatment options for the condition like stress relief techniques, exercise tips, diet ideas, and other strategies that don't require medication."
https://www.medicinenet.com/cramps_but_no_period/article.htm,"Cramps But No Period
Having cramps but no period can occur because of conditions other than your monthly menstrual cycle. They may feel like period cramps of the lower abdomen when you are not due for your period and produce no blood. These 12 diseases and conditions are examples of what can cause abdominal cramping when not on period."
https://www.medicinenet.com/dehydration_pictures_slideshow/article.htm,"Dehydration Slideshow
Do you know the signs of dehydration? Dehydration can be mild or life-threatening. Learn causes, symptoms, treatments, and prevention tips to avoid dehydration."
https://www.medicinenet.com/electrolytes/article.htm,"Electrolytes
Electrolytes are substances that become ions in solution and acquire the capacity to conduct electricity. The balance of the electrolytes in our bodies is essential for normal function of our cells and our organs. Common electrolytes include sodium, potassium, chloride, and bicarbonate. The functions and normal range values for these electrolytes are important, and if an electrolyte is at an extreme low or high, it can be fatal."
https://www.medicinenet.com/electromyogram/article.htm,
https://www.medicinenet.com/image-collection/hamstring_muscle_picture/picture.htm,
https://www.medicinenet.com/heat_stroke/article.htm,
https://www.medicinenet.com/how_long_does_it_take_for_a_muscle_strain_to_heal/article.htm,
https://www.medicinenet.com/hypothyroidism/article.htm,
https://www.medicinenet.com/muscle_cramps_and_muscle_spasms_pictures_slideshow/article.htm,
https://www.medicinenet.com/muscle_cramps_foods_that_help_prevent_cramping/article.htm,
https://www.medicinenet.com/muscle_spasms/article.htm,
https://www.medicinenet.com/what_are_the_benefits_of_massage_traction/article.htm,
https://www.medicinenet.com/when_should_i_worry_about_muscle_twitching/article.htm,
https://www.medicinenet.com/slideshows/article.htm,Featured Slideshows
https://www.medicinenet.com/cancer_101_pictures_slideshow/article.htm,"Understanding Cancer
Metastasis, Stages of Cancer, and More"
https://www.medicinenet.com/type_2_diabetes_pictures_slideshow/article.htm,"Type 2 Diabetes
Learn the Warning Signs"
https://www.medicinenet.com/copd_pictures_slideshow/article.htm,"What Is COPD?
Learn About This Progressive Lung Disease"
https://www.medicinenet.com/slideshows/article.htm,Medical Slideshows
https://www.medicinenet.com/diseases_and_conditions/article.htm,Diseases & Conditions
https://www.medicinenet.com/procedures_and_tests/article.htm,Procedures & Tests
https://www.medicinenet.com/medications/article.htm,Medications
https://www.medicinenet.com/health_and_living/focus.htm,Healthy Living
https://www.medicinenet.com/image_collection/article.htm,Image Collection
https://www.medicinenet.com/quizzes_a-z_list/article.htm,Quizzes
https://www.medicinenet.com/allergies/focus.htm,Allergies
https://www.medicinenet.com/arthritis/focus.htm,Arthritis
https://www.medicinenet.com/high_blood_pressure/focus.htm,Blood Pressure
https://www.medicinenet.com/cancer/focus.htm,Cancer
https://www.medicinenet.com/chronic_pain/focus.htm,Chronic Pain
https://www.medicinenet.com/cold_and_flu/focus.htm,Cold & Flu
https://www.medicinenet.com/depression/focus.htm,Depression
https://www.medicinenet.com/diabetes/focus.htm,Diabetes
https://www.medicinenet.com/digestion/focus.htm,Digestion
https://www.medicinenet.com/health_and_living/focus.htm,Health & Living
https://www.medicinenet.com/healthy_kids/focus.htm,Healthy Kids
https://www.medicinenet.com/hearing/focus.htm,Hearing & Ear
https://www.medicinenet.com/heart/focus.htm,Heart
https://www.medicinenet.com/hiv/focus.htm,HIV/AIDS
https://www.medicinenet.com/infectious_disease/focus.htm,Infectious Disease
https://www.medicinenet.com/mens_health/focus.htm,Men's Health
https://www.medicinenet.com/mental_health/focus.htm,Mental Health
https://www.medicinenet.com/neurology/focus.htm,Neurology
https://www.medicinenet.com/pregnancy/focus.htm,Pregnancy
https://www.medicinenet.com/sexual_health/focus.htm,Sexual Health
https://www.medicinenet.com/skin/focus.htm,Skin
https://www.medicinenet.com/thyroid/focus.htm,Thyroid
https://www.medicinenet.com/womens_health/focus.htm,Women's Health
https://www.medicinenet.com/diseases_and_conditions/article.htm,More...
https://www.medicinenet.com/script/main/art.asp?articlekey=12507,Privacy Policy
https://www.medicinenet.com/script/main/art.asp?articlekey=12510,About Us
https://www.medicinenet.com/contact_us/article.htm,Contact Us
https://privacy.truste.com/privacy-seal/validation?rid=07326333-3522-463d-81bf-f00fd7171fff,
javascript:void(0);,Your Privacy Choices
https://www.internetbrands.com/,Internet Brands
https://www.medicinenet.com/script/main/art.asp?articlekey=12596,Terms of Use.
https://www.medicinenet.com/script/main/art.asp?articlekey=63261,See additional information
